<application>
  <component name="ProjectManager">
    <defaultProject>
      <component name="PropertiesComponent">
        <property name="last_opened_file_path" value="D:/zhangbaiquan" />
        <property name="nodejs_interpreter_path.stuck_in_default_project" value="undefined stuck path" />
        <property name="nodejs_npm_path_reset_for_default_project" value="true" />
      </component>
      <component name="SvnConfiguration">
        <configuration>C:\Users\10\AppData\Roaming\Subversion</configuration>
      </component>
    </defaultProject>
  </component>
</application>