<application>
  <component name="AccountStore">
    <option name="accountString" value="{&quot;Default&quot;:{&quot;profileName&quot;:&quot;Default&quot;,&quot;ak&quot;:&quot;LTAI6tituTB5AuAU&quot;,&quot;secret&quot;:&quot;lWtqls3bHu1MoIfwqq6R96trjiDCCJ&quot;,&quot;show&quot;:false}}" />
    <option name="allAccount">
      <map>
        <entry key="Default">
          <value>
            <AccountModel>
              <option name="ak" value="LTAI6tituTB5AuAU" />
              <option name="profileName" value="Default" />
              <option name="secret" value="lWtqls3bHu1MoIfwqq6R96trjiDCCJ" />
            </AccountModel>
          </value>
        </entry>
      </map>
    </option>
    <option name="defaultProfile" value="Default" />
  </component>
</application>