<application>
  <component name="FileTypeManager" version="17">
    <ignoreFiles list="*.hprof;*.iml;*.pyc;*.pyo;*.rbc;*.yarb;*~;.DS_Store;.classpath;.git;.hg;.idea;.project;.settings;.svn;CVS;__pycache__;_svn;vssver.scc;vssver2.scc;" />
    <extensionMap>
      <mapping pattern="*.js.flow" type="Flow" />
      <mapping pattern="*.js.flow" type="Flow" />
      <mapping ext="gradle.kts" type="Kotlin" />
      <mapping pattern="cnpm" type="PLAIN_TEXT" />
      <mapping pattern="s" type="PLAIN_TEXT" />
      <mapping pattern="dd" type="PLAIN_TEXT" />
      <mapping ext="p12" type="PLAIN_TEXT" />
      <removed_mapping ext="cmd" approved="true" type="PLAIN_TEXT" />
      <removed_mapping ext="log" approved="true" type="PLAIN_TEXT" />
      <removed_mapping ext="bat" approved="true" type="PLAIN_TEXT" />
      <removed_mapping ext="bat" approved="true" type="PLAIN_TEXT" />
      <removed_mapping ext="log" approved="true" type="PLAIN_TEXT" />
      <removed_mapping ext="dockerfile" approved="true" type="textmate" />
      <removed_mapping ext="makefile" approved="true" type="textmate" />
      <removed_mapping ext="cmd" approved="true" type="PLAIN_TEXT" />
      <removed_mapping pattern=".idea" approved="true" type="ActionScript" />
      <removed_mapping ext="snakefile" approved="true" type="textmate" />
    </extensionMap>
  </component>
</application>